id,unitName,unitAddress
1,华夏科技有限公司,华夏科技有限公司的地址1
2,南京市金陵电子股份有限公司,南京市金陵电子股份有限公司的地址2
3,华夏科技有限公司江苏省,华夏科技有限公司江苏省的地址3
4,华夏科技有限公司浙江省,华夏科技有限公司浙江省的地址4
5,华夏科技有限公司山东省,华夏科技有限公司山东省的地址5
6,南京市金陵电子股份有限公司江苏省,南京市金陵电子股份有限公司江苏省的地址6
7,华夏科技有限公司浙江省杭州市分公司,华夏科技有限公司浙江省杭州市分公司的地址7
8,华夏科技有限公司山东省济南市分公司,华夏科技有限公司山东省济南市分公司的地址8
9,南京市金陵电子股份有限公司江苏省南京市分公司,南京市金陵电子股份有限公司江苏省南京市分公司的地址9
10,华夏科技有限公司浙江省温州市分公司,华夏科技有限公司浙江省温州市分公司的地址10
11,华夏科技有限公司北京市昌平区分公司,华夏科技有限公司北京市昌平区分公司的地址11
12,南京市金陵电子股份有限公司江苏省南京市分公司,南京市金陵电子股份有限公司江苏省南京市分公司的地址12
13,华夏科技有限公司北京市顺义区分公司,华夏科技有限公司北京市顺义区分公司的地址13
14,华夏科技有限公司浙江省湖州市分公司,华夏科技有限公司浙江省湖州市分公司的地址14
15,南京市金陵电子股份有限公司江苏省南京市江宁区分公司,南京市金陵电子股份有限公司江苏省南京市江宁区分公司的地址15
16,华夏科技有限公司北京市朝阳区分公司,华夏科技有限公司北京市朝阳区分公司的地址16
17,华夏科技有限公司江苏省苏州市分公司,华夏科技有限公司江苏省苏州市分公司的地址17
18,南京市金陵电子股份有限公司,南京市金陵电子股份有限公司的地址18
19,华夏科技有限公司北京市石景山区分公司,华夏科技有限公司北京市石景山区分公司的地址19
20,华夏科技有限公司江苏省徐州市分公司,华夏科技有限公司江苏省徐州市分公司的地址20
21,南京市金陵电子股份有限公司,南京市金陵电子股份有限公司的地址21
22,华夏科技有限公司北京市海淀区分公司,华夏科技有限公司北京市海淀区分公司的地址22
23,华夏科技有限公司江苏省徐州市研发中心,华夏科技有限公司江苏省徐州市研发中心的地址23
24,南京市金陵电子股份有限公司江苏省南京市分公司,南京市金陵电子股份有限公司江苏省南京市分公司的地址24
25,华夏科技有限公司北京市昌平区研发中心,华夏科技有限公司北京市昌平区研发中心的地址25
26,华夏科技有限公司浙江省杭州市西湖区分公司,华夏科技有限公司浙江省杭州市西湖区分公司的地址26
27,南京市金陵电子股份有限公司江苏省南京市江宁区分公司,南京市金陵电子股份有限公司江苏省南京市江宁区分公司的地址27
28,华夏科技有限公司北京市昌平区研发中心,华夏科技有限公司北京市昌平区研发中心的地址28
29,华夏科技有限公司江苏省徐州市分公司,华夏科技有限公司江苏省徐州市分公司的地址29
30,南京市金陵电子股份有限公司江苏省南京市鼓楼区分公司,南京市金陵电子股份有限公司江苏省南京市鼓楼区分公司的地址30
31,华夏科技有限公司北京市昌平区研发中心,华夏科技有限公司北京市昌平区研发中心的地址31
32,华夏科技有限公司江苏省徐州市分公司,华夏科技有限公司江苏省徐州市分公司的地址32
33,南京市金陵电子股份有限公司江苏省南京市鼓楼区分公司,南京市金陵电子股份有限公司江苏省南京市鼓楼区分公司的地址33
34,华夏科技有限公司北京市昌平区研发中心,华夏科技有限公司北京市昌平区研发中心的地址34
35,华夏科技有限公司江苏省盐城市分公司,华夏科技有限公司江苏省盐城市分公司的地址35
36,华夏科技有限公司北京市昌平区研发中心,华夏科技有限公司北京市昌平区研发中心的地址36
37,南京市金陵电子股份有限公司江苏省南京市鼓楼区分公司,南京市金陵电子股份有限公司江苏省南京市鼓楼区分公司的地址37
38,华夏科技有限公司北京市昌平区研发中心,华夏科技有限公司北京市昌平区研发中心的地址38
39,华夏科技有限公司江苏省徐州市研发中心,华夏科技有限公司江苏省徐州市研发中心的地址39
40,南京市金陵电子股份有限公司江苏省南京市鼓楼区分公司,南京市金陵电子股份有限公司江苏省南京市鼓楼区分公司的地址40
41,华夏科技有限公司北京市昌平区研发中心,华夏科技有限公司北京市昌平区研发中心的地址41
42,华夏科技有限公司江苏省苏州市研发中心,华夏科技有限公司江苏省苏州市研发中心的地址42
43,南京市金陵电子股份有限公司江苏省南京市鼓楼区分公司,南京市金陵电子股份有限公司江苏省南京市鼓楼区分公司的地址43
44,华夏科技有限公司北京市昌平区研发中心,华夏科技有限公司北京市昌平区研发中心的地址44
45,华夏科技有限公司江苏省盐城市分公司,华夏科技有限公司江苏省盐城市分公司的地址45
46,南京市金陵电子股份有限公司江苏省南京市鼓楼区分公司,南京市金陵电子股份有限公司江苏省南京市鼓楼区分公司的地址46
47,华夏科技有限公司北京市昌平区研发中心,华夏科技有限公司北京市昌平区研发中心的地址47
48,华夏科技有限公司江苏省徐州市研发中心,华夏科技有限公司江苏省徐州市研发中心的地址48
49,南京市金陵电子股份有限公司,南京市金陵电子股份有限公司的地址49
50,华夏科技有限公司北京市昌平区研发中心,华夏科技有限公司北京市昌平区研发中心的地址50
51,华夏科技有限公司江苏省徐州市分公司,华夏科技有限公司江苏省徐州市分公司的地址51
52,南京市金陵电子股份有限公司,南京市金陵电子股份有限公司的地址52
53,华夏科技有限公司北京市昌平区研发中心,华夏科技有限公司北京市昌平区研发中心的地址53
54,华夏科技有限公司江苏省南京市分公司,华夏科技有限公司江苏省南京市分公司的地址54
55,华夏科技有限公司浙江省杭州市西湖区分公司,华夏科技有限公司浙江省杭州市西湖区分公司的地址55
56,华夏科技有限公司北京市昌平区研发中心,华夏科技有限公司北京市昌平区研发中心的地址56
57,南京市金陵电子股份有限公司江苏省南京市鼓楼区分公司,南京市金陵电子股份有限公司江苏省南京市鼓楼区分公司的地址57
58,华夏科技有限公司北京市昌平区研发中心,华夏科技有限公司北京市昌平区研发中心的地址58
59,华夏科技有限公司江苏省苏州市研发中心,华夏科技有限公司江苏省苏州市研发中心的地址59
60,华夏科技有限公司山东省滨州市分公司,华夏科技有限公司山东省滨州市分公司的地址60
61,华夏科技有限公司北京市昌平区研发中心,华夏科技有限公司北京市昌平区研发中心的地址61
62,华夏科技有限公司山东省滨州市分公司,华夏科技有限公司山东省滨州市分公司的地址62
63,华夏科技有限公司北京市昌平区研发中心,华夏科技有限公司北京市昌平区研发中心的地址63
64,华夏科技有限公司山东省滨州市分公司,华夏科技有限公司山东省滨州市分公司的地址64
65,华夏科技有限公司北京市昌平区研发中心,华夏科技有限公司北京市昌平区研发中心的地址65
66,华夏科技有限公司山东省滨州市分公司,华夏科技有限公司山东省滨州市分公司的地址66
67,华夏科技有限公司北京市昌平区研发中心,华夏科技有限公司北京市昌平区研发中心的地址67
68,华夏科技有限公司山东省滨州市分公司,华夏科技有限公司山东省滨州市分公司的地址68
69,华夏科技有限公司北京市昌平区研发中心,华夏科技有限公司北京市昌平区研发中心的地址69
70,华夏科技有限公司山东省滨州市分公司,华夏科技有限公司山东省滨州市分公司的地址70
71,华夏科技有限公司北京市顺义区研发中心,华夏科技有限公司北京市顺义区研发中心的地址71
72,华夏科技有限公司山东省滨州市分公司,华夏科技有限公司山东省滨州市分公司的地址72
73,华夏科技有限公司北京市昌平区研发中心,华夏科技有限公司北京市昌平区研发中心的地址73
74,华夏科技有限公司山东省滨州市分公司,华夏科技有限公司山东省滨州市分公司的地址74
75,华夏科技有限公司北京市昌平区研发中心,华夏科技有限公司北京市昌平区研发中心的地址75
76,华夏科技有限公司山东省滨州市分公司,华夏科技有限公司山东省滨州市分公司的地址76
77,华夏科技有限公司北京市昌平区研发中心,华夏科技有限公司北京市昌平区研发中心的地址77
78,华夏科技有限公司浙江省杭州市西湖区分公司,华夏科技有限公司浙江省杭州市西湖区分公司的地址78
79,华夏科技有限公司北京市昌平区研发中心,华夏科技有限公司北京市昌平区研发中心的地址79
80,华夏科技有限公司浙江省温州市分公司,华夏科技有限公司浙江省温州市分公司的地址80
81,华夏科技有限公司北京市昌平区研发中心,华夏科技有限公司北京市昌平区研发中心的地址81
82,华夏科技有限公司山东省滨州市分公司,华夏科技有限公司山东省滨州市分公司的地址82
83,华夏科技有限公司浙江省杭州市西湖区分公司,华夏科技有限公司浙江省杭州市西湖区分公司的地址83
84,华夏科技有限公司北京市昌平区研发中心,华夏科技有限公司北京市昌平区研发中心的地址84
85,华夏科技有限公司山东省滨州市分公司,华夏科技有限公司山东省滨州市分公司的地址85
86,华夏科技有限公司浙江省温州市分公司,华夏科技有限公司浙江省温州市分公司的地址86
87,华夏科技有限公司北京市昌平区研发中心,华夏科技有限公司北京市昌平区研发中心的地址87
88,南京市金陵电子股份有限公司江苏省南京市鼓楼区分公司,南京市金陵电子股份有限公司江苏省南京市鼓楼区分公司的地址88
89,华夏科技有限公司浙江省杭州市西湖区分公司,华夏科技有限公司浙江省杭州市西湖区分公司的地址89
90,华夏科技有限公司山东省滨州市研发中心,华夏科技有限公司山东省滨州市研发中心的地址90
91,华夏科技有限公司浙江省温州市分公司,华夏科技有限公司浙江省温州市分公司的地址91
92,华夏科技有限公司北京市昌平区研发中心,华夏科技有限公司北京市昌平区研发中心的地址92
93,华夏科技有限公司山东省滨州市分公司,华夏科技有限公司山东省滨州市分公司的地址93
94,华夏科技有限公司浙江省温州市分公司,华夏科技有限公司浙江省温州市分公司的地址94
95,华夏科技有限公司北京市昌平区研发中心,华夏科技有限公司北京市昌平区研发中心的地址95
96,华夏科技有限公司浙江省温州市分公司,华夏科技有限公司浙江省温州市分公司的地址96
97,华夏科技有限公司北京市昌平区研发中心,华夏科技有限公司北京市昌平区研发中心的地址97
98,南京市金陵电子股份有限公司江苏省南京市鼓楼区分公司,南京市金陵电子股份有限公司江苏省南京市鼓楼区分公司的地址98
99,华夏科技有限公司北京市昌平区研发中心,华夏科技有限公司北京市昌平区研发中心的地址99
100,华夏科技有限公司江苏省徐州市研发中心,华夏科技有限公司江苏省徐州市研发中心的地址100
101,华夏科技有限公司北京市昌平区研发中心,华夏科技有限公司北京市昌平区研发中心的地址101
102,华夏科技有限公司江苏省徐州市研发中心,华夏科技有限公司江苏省徐州市研发中心的地址102
103,华夏科技有限公司北京市昌平区研发中心,华夏科技有限公司北京市昌平区研发中心的地址103
104,华夏科技有限公司江苏省徐州市分公司,华夏科技有限公司江苏省徐州市分公司的地址104
105,华夏科技有限公司北京市昌平区研发中心,华夏科技有限公司北京市昌平区研发中心的地址105
106,华夏科技有限公司江苏省徐州市分公司,华夏科技有限公司江苏省徐州市分公司的地址106
107,华夏科技有限公司北京市昌平区研发中心,华夏科技有限公司北京市昌平区研发中心的地址107
108,华夏科技有限公司浙江省杭州市西湖区分公司,华夏科技有限公司浙江省杭州市西湖区分公司的地址108
109,华夏科技有限公司北京市昌平区研发中心,华夏科技有限公司北京市昌平区研发中心的地址109
110,华夏科技有限公司江苏省徐州市研发中心,华夏科技有限公司江苏省徐州市研发中心的地址110
111,华夏科技有限公司北京市昌平区研发中心,华夏科技有限公司北京市昌平区研发中心的地址111
112,南京市金陵电子股份有限公司江苏省南京市鼓楼区分公司,南京市金陵电子股份有限公司江苏省南京市鼓楼区分公司的地址112
113,华夏科技有限公司北京市昌平区研发中心,华夏科技有限公司北京市昌平区研发中心的地址113
114,华夏科技有限公司江苏省徐州市分公司,华夏科技有限公司江苏省徐州市分公司的地址114
115,南京市金陵电子股份有限公司江苏省南京市鼓楼区分公司,南京市金陵电子股份有限公司江苏省南京市鼓楼区分公司的地址115
116,华夏科技有限公司北京市昌平区研发中心,华夏科技有限公司北京市昌平区研发中心的地址116
117,华夏科技有限公司江苏省徐州市分公司,华夏科技有限公司江苏省徐州市分公司的地址117
118,南京市金陵电子股份有限公司江苏省南京市鼓楼区分公司,南京市金陵电子股份有限公司江苏省南京市鼓楼区分公司的地址118
119,华夏科技有限公司北京市昌平区研发中心,华夏科技有限公司北京市昌平区研发中心的地址119
120,华夏科技有限公司江苏省徐州市研发中心,华夏科技有限公司江苏省徐州市研发中心的地址120
121,南京市金陵电子股份有限公司江苏省南京市鼓楼区分公司,南京市金陵电子股份有限公司江苏省南京市鼓楼区分公司的地址121
122,华夏科技有限公司北京市昌平区研发中心,华夏科技有限公司北京市昌平区研发中心的地址122
123,华夏科技有限公司江苏省徐州市分公司,华夏科技有限公司江苏省徐州市分公司的地址123
124,华夏科技有限公司北京市昌平区研发中心,华夏科技有限公司北京市昌平区研发中心的地址124
125,华夏科技有限公司山东省滨州市分公司,华夏科技有限公司山东省滨州市分公司的地址125
126,南京市金陵电子股份有限公司江苏省南京市鼓楼区分公司,南京市金陵电子股份有限公司江苏省南京市鼓楼区分公司的地址126
127,华夏科技有限公司北京市昌平区研发中心,华夏科技有限公司北京市昌平区研发中心的地址127
128,华夏科技有限公司江苏省徐州市分公司,华夏科技有限公司江苏省徐州市分公司的地址128
129,华夏科技有限公司北京市昌平区研发中心,华夏科技有限公司北京市昌平区研发中心的地址129
130,华夏科技有限公司江苏省徐州市分公司,华夏科技有限公司江苏省徐州市分公司的地址130
131,华夏科技有限公司北京市昌平区研发中心,华夏科技有限公司北京市昌平区研发中心的地址131
132,华夏科技有限公司江苏省苏州市研发中心,华夏科技有限公司江苏省苏州市研发中心的地址132
133,华夏科技有限公司山东省滨州市分公司,华夏科技有限公司山东省滨州市分公司的地址133
134,华夏科技有限公司北京市昌平区研发中心,华夏科技有限公司北京市昌平区研发中心的地址134
135,华夏科技有限公司江苏省徐州市分公司,华夏科技有限公司江苏省徐州市分公司的地址135
136,南京市金陵电子股份有限公司江苏省南京市鼓楼区分公司,南京市金陵电子股份有限公司江苏省南京市鼓楼区分公司的地址136
137,华夏科技有限公司北京市昌平区研发中心,华夏科技有限公司北京市昌平区研发中心的地址137
138,华夏科技有限公司江苏省徐州市分公司,华夏科技有限公司江苏省徐州市分公司的地址138
139,南京市金陵电子股份有限公司江苏省南京市鼓楼区分公司,南京市金陵电子股份有限公司江苏省南京市鼓楼区分公司的地址139
140,华夏科技有限公司北京市昌平区研发中心,华夏科技有限公司北京市昌平区研发中心的地址140
141,华夏科技有限公司江苏省徐州市分公司,华夏科技有限公司江苏省徐州市分公司的地址141
142,华夏科技有限公司北京市昌平区研发中心,华夏科技有限公司北京市昌平区研发中心的地址142
143,南京市金陵电子股份有限公司江苏省南京市鼓楼区分公司,南京市金陵电子股份有限公司江苏省南京市鼓楼区分公司的地址143
144,华夏科技有限公司北京市昌平区研发中心,华夏科技有限公司北京市昌平区研发中心的地址144
145,华夏科技有限公司江苏省徐州市分公司,华夏科技有限公司江苏省徐州市分公司的地址145
146,华夏科技有限公司北京市昌平区研发中心,华夏科技有限公司北京市昌平区研发中心的地址146
147,华夏科技有限公司江苏省徐州市研发中心,华夏科技有限公司江苏省徐州市研发中心的地址147
148,华夏科技有限公司山东省滨州市分公司,华夏科技有限公司山东省滨州市分公司的地址148
149,华夏科技有限公司北京市昌平区研发中心,华夏科技有限公司北京市昌平区研发中心的地址149
150,华夏科技有限公司江苏省徐州市研发中心,华夏科技有限公司江苏省徐州市研发中心的地址150
151,华夏科技有限公司山东省滨州市分公司,华夏科技有限公司山东省滨州市分公司的地址151
152,华夏科技有限公司北京市昌平区研发中心,华夏科技有限公司北京市昌平区研发中心的地址152
153,华夏科技有限公司山东省滨州市分公司,华夏科技有限公司山东省滨州市分公司的地址153
154,华夏科技有限公司江苏省盐城市亭湖区分公司,华夏科技有限公司江苏省盐城市亭湖区分公司的地址154
155,华夏科技有限公司山东省滨州市研发中心,华夏科技有限公司山东省滨州市研发中心的地址155
156,华夏科技有限公司江苏省盐城市亭湖区分公司,华夏科技有限公司江苏省盐城市亭湖区分公司的地址156
157,华夏科技有限公司山东省滨州市研发中心,华夏科技有限公司山东省滨州市研发中心的地址157
158,华夏科技有限公司江苏省盐城市亭湖区分公司,华夏科技有限公司江苏省盐城市亭湖区分公司的地址158
159,华夏科技有限公司山东省滨州市研发中心,华夏科技有限公司山东省滨州市研发中心的地址159
160,华夏科技有限公司江苏省徐州市研发中心,华夏科技有限公司江苏省徐州市研发中心的地址160
161,华夏科技有限公司浙江省杭州市萧山区分公司,华夏科技有限公司浙江省杭州市萧山区分公司的地址161
162,华夏科技有限公司江苏省徐州市研发中心,华夏科技有限公司江苏省徐州市研发中心的地址162
163,华夏科技有限公司山东省滨州市研发中心,华夏科技有限公司山东省滨州市研发中心的地址163
164,华夏科技有限公司浙江省温州市分公司,华夏科技有限公司浙江省温州市分公司的地址164
165,华夏科技有限公司江苏省盐城市亭湖区分公司,华夏科技有限公司江苏省盐城市亭湖区分公司的地址165
166,华夏科技有限公司山东省滨州市研发中心,华夏科技有限公司山东省滨州市研发中心的地址166
167,华夏科技有限公司江苏省南京市玄武区分公司,华夏科技有限公司江苏省南京市玄武区分公司的地址167
168,华夏科技有限公司山东省滨州市研发中心,华夏科技有限公司山东省滨州市研发中心的地址168
169,华夏科技有限公司江苏省徐州市云龙区分公司,华夏科技有限公司江苏省徐州市云龙区分公司的地址169
170,华夏科技有限公司山东省滨州市研发中心,华夏科技有限公司山东省滨州市研发中心的地址170
171,华夏科技有限公司江苏省徐州市云龙区分公司,华夏科技有限公司江苏省徐州市云龙区分公司的地址171
172,华夏科技有限公司山东省滨州市研发中心,华夏科技有限公司山东省滨州市研发中心的地址172
173,华夏科技有限公司江苏省盐城市亭湖区分公司,华夏科技有限公司江苏省盐城市亭湖区分公司的地址173
174,华夏科技有限公司山东省滨州市研发中心,华夏科技有限公司山东省滨州市研发中心的地址174
175,华夏科技有限公司江苏省盐城市亭湖区分公司,华夏科技有限公司江苏省盐城市亭湖区分公司的地址175
176,华夏科技有限公司山东省滨州市研发中心,华夏科技有限公司山东省滨州市研发中心的地址176
177,华夏科技有限公司江苏省盐城市亭湖区分公司,华夏科技有限公司江苏省盐城市亭湖区分公司的地址177
178,华夏科技有限公司山东省滨州市研发中心,华夏科技有限公司山东省滨州市研发中心的地址178
179,华夏科技有限公司江苏省盐城市亭湖区分公司,华夏科技有限公司江苏省盐城市亭湖区分公司的地址179
180,华夏科技有限公司山东省滨州市研发中心,华夏科技有限公司山东省滨州市研发中心的地址180
181,华夏科技有限公司江苏省盐城市亭湖区分公司,华夏科技有限公司江苏省盐城市亭湖区分公司的地址181
182,南京市玄武区金陵电子研究院,南京市玄武区金陵电子研究院的地址182
183,华夏科技有限公司江苏省盐城市亭湖区分公司,华夏科技有限公司江苏省盐城市亭湖区分公司的地址183
184,华夏科技有限公司山东省滨州市研发中心,华夏科技有限公司山东省滨州市研发中心的地址184
185,华夏科技有限公司江苏省徐州市经济技术开发区分公司,华夏科技有限公司江苏省徐州市经济技术开发区分公司的地址185
186,华夏科技有限公司北京市昌平区研发中心,华夏科技有限公司北京市昌平区研发中心的地址186
187,华夏科技有限公司江苏省徐州市经济技术开发区分公司,华夏科技有限公司江苏省徐州市经济技术开发区分公司的地址187
188,华夏科技有限公司北京市昌平区研发中心,华夏科技有限公司北京市昌平区研发中心的地址188
189,华夏科技有限公司山东省滨州市高新技术开发区分公司,华夏科技有限公司山东省滨州市高新技术开发区分公司的地址189
190,华夏科技有限公司江苏省徐州市经济技术开发区分公司,华夏科技有限公司江苏省徐州市经济技术开发区分公司的地址190
191,华夏科技有限公司山东省滨州市高新技术开发区分公司,华夏科技有限公司山东省滨州市高新技术开发区分公司的地址191
192,华夏科技有限公司,华夏科技有限公司的地址192
193,华夏科技有限公司（南京市玄武区金陵电子研究院）,华夏科技有限公司（南京市玄武区金陵电子研究院）的地址193
194,华夏科技有限公司华东分公司,华夏科技有限公司华东分公司的地址194
195,华夏科技有限公司,华夏科技有限公司的地址195
196,南京市玄武区金陵电子研究院,南京市玄武区金陵电子研究院的地址196
197,华夏科技有限公司,华夏科技有限公司的地址197
198,华夏科技有限公司华东分公司,华夏科技有限公司华东分公司的地址198
199,南京市玄武区金陵电子研究院,南京市玄武区金陵电子研究院的地址199
200,华夏科技有限公司,华夏科技有限公司的地址200
201,华夏科技有限公司华东分公司,华夏科技有限公司华东分公司的地址201
202,南京市玄武区金陵电子研究院,南京市玄武区金陵电子研究院的地址202
203,华夏科技有限公司,华夏科技有限公司的地址203
204,华夏科技有限公司华东分公司,华夏科技有限公司华东分公司的地址204
205,华夏科技有限公司,华夏科技有限公司的地址205
206,华夏科技有限公司,华夏科技有限公司的地址206
207,华夏科技有限公司,华夏科技有限公司的地址207
208,华夏科技有限公司华东分公司,华夏科技有限公司华东分公司的地址208
209,华夏科技有限公司,华夏科技有限公司的地址209
210,华夏科技有限公司,华夏科技有限公司的地址210
211,华夏科技有限公司（南京市浦口区分公司）,华夏科技有限公司（南京市浦口区分公司）的地址211
212,华夏科技有限公司华东分公司,华夏科技有限公司华东分公司的地址212
213,华夏科技有限公司华东分公司,华夏科技有限公司华东分公司的地址213
214,华夏科技有限公司华东分公司,华夏科技有限公司华东分公司的地址214
215,华夏科技有限公司华东分公司,华夏科技有限公司华东分公司的地址215
216,华夏科技有限公司,华夏科技有限公司的地址216
217,华夏科技有限公司华东研发中心,华夏科技有限公司华东研发中心的地址217
218,华夏科技有限公司华东分公司,华夏科技有限公司华东分公司的地址218
219,南京市玄武区金陵电子研究院,南京市玄武区金陵电子研究院的地址219
220,华夏科技有限公司,华夏科技有限公司的地址220
221,华夏科技有限公司华东分公司,华夏科技有限公司华东分公司的地址221
222,南京市玄武区金陵电子研究院,南京市玄武区金陵电子研究院的地址222
223,华夏科技有限公司（江宁区分公司）,华夏科技有限公司（江宁区分公司）的地址223
224,南京市玄武区金陵电子研究院,南京市玄武区金陵电子研究院的地址224
225,华夏科技有限公司华东分公司,华夏科技有限公司华东分公司的地址225
226,华夏科技有限公司（苏州分公司）,华夏科技有限公司（苏州分公司）的地址226
227,华夏科技有限公司,华夏科技有限公司的地址227
228,华夏科技有限公司,华夏科技有限公司的地址228
229,南京市玄武区金陵电子研究院,南京市玄武区金陵电子研究院的地址229
230,华夏科技有限公司华东分公司,华夏科技有限公司华东分公司的地址230
231,华夏科技有限公司华东分公司,华夏科技有限公司华东分公司的地址231
232,华夏科技有限公司,华夏科技有限公司的地址232
233,南京市玄武区金陵电子研究院,南京市玄武区金陵电子研究院的地址233
234,华夏数码科技有限公司,华夏数码科技有限公司的地址234
235,中兴通讯研究院,中兴通讯研究院的地址235
236,南京市玄武区金陵电子研究院,南京市玄武区金陵电子研究院的地址236
237,南京市玄武区金陵电子研究院,南京市玄武区金陵电子研究院的地址237
238,华夏科技有限公司华东创新中心,华夏科技有限公司华东创新中心的地址238
239,华夏科技有限公司山东分公司,华夏科技有限公司山东分公司的地址239
240,华夏科技有限公司山东省滨州市研发中心,华夏科技有限公司山东省滨州市研发中心的地址240
241,华夏科技有限公司山东省滨州市营销中心,华夏科技有限公司山东省滨州市营销中心的地址241
242,华夏科技有限公司山东分公司,华夏科技有限公司山东分公司的地址242
243,南京市玄武区金陵电子研究院,南京市玄武区金陵电子研究院的地址243
244,华夏科技有限公司北京研发中心,华夏科技有限公司北京研发中心的地址244
245,华夏科技有限公司浙江分公司,华夏科技有限公司浙江分公司的地址245
246,华夏科技有限公司广东分公司,华夏科技有限公司广东分公司的地址246
247,华夏科技有限公司海南分公司,华夏科技有限公司海南分公司的地址247
248,华夏科技有限公司四川分公司,华夏科技有限公司四川分公司的地址248
249,华夏科技有限公司河南分公司,华夏科技有限公司河南分公司的地址249
250,华夏科技有限公司海南研发中心,华夏科技有限公司海南研发中心的地址250
251,华夏科技有限公司山东营销中心,华夏科技有限公司山东营销中心的地址251
252,华夏科技有限公司重庆分公司,华夏科技有限公司重庆分公司的地址252
253,华夏科技有限公司安徽分公司,华夏科技有限公司安徽分公司的地址253
254,华夏科技有限公司海南研发中心,华夏科技有限公司海南研发中心的地址254
255,华夏科技有限公司山东营销中心,华夏科技有限公司山东营销中心的地址255
256,华夏科技有限公司浙江分公司,华夏科技有限公司浙江分公司的地址256
257,华夏科技有限公司海南研发中心,华夏科技有限公司海南研发中心的地址257
258,华夏科技有限公司山东营销中心,华夏科技有限公司山东营销中心的地址258
259,华夏科技有限公司湖南分公司,华夏科技有限公司湖南分公司的地址259
260,华夏科技有限公司海南研发中心,华夏科技有限公司海南研发中心的地址260
261,华夏科技有限公司贵州分公司,华夏科技有限公司贵州分公司的地址261
262,华夏科技有限公司山东营销中心,华夏科技有限公司山东营销中心的地址262
263,华夏科技有限公司浙江分公司,华夏科技有限公司浙江分公司的地址263
264,华夏科技有限公司北京研发中心,华夏科技有限公司北京研发中心的地址264
265,华夏科技有限公司山东营销中心,华夏科技有限公司山东营销中心的地址265
266,华夏科技有限公司浙江分公司,华夏科技有限公司浙江分公司的地址266
267,华夏科技有限公司北京研发中心,华夏科技有限公司北京研发中心的地址267
268,华夏科技有限公司山东营销中心,华夏科技有限公司山东营销中心的地址268
269,华夏科技有限公司浙江分公司,华夏科技有限公司浙江分公司的地址269
270,华夏科技有限公司海南研发中心,华夏科技有限公司海南研发中心的地址270
271,华夏科技有限公司山东营销中心,华夏科技有限公司山东营销中心的地址271
272,华夏科技有限公司山东营销中心,华夏科技有限公司山东营销中心的地址272
273,华夏科技有限公司海南研发中心,华夏科技有限公司海南研发中心的地址273
274,华夏科技有限公司海南研发中心,华夏科技有限公司海南研发中心的地址274
275,华夏科技有限公司山东营销中心,华夏科技有限公司山东营销中心的地址275
276,华夏科技有限公司海南研发中心,华夏科技有限公司海南研发中心的地址276
277,华夏科技有限公司海南研发中心,华夏科技有限公司海南研发中心的地址277
278,华夏科技有限公司山东营销中心,华夏科技有限公司山东营销中心的地址278
279,华夏科技有限公司海南研发中心,华夏科技有限公司海南研发中心的地址279
280,华夏科技有限公司海南研发中心,华夏科技有限公司海南研发中心的地址280
281,华夏科技有限公司山东营销中心,华夏科技有限公司山东营销中心的地址281
282,华夏科技有限公司海南研发中心,华夏科技有限公司海南研发中心的地址282
283,华夏科技有限公司海南研发中心,华夏科技有限公司海南研发中心的地址283
284,华夏科技有限公司山东营销中心,华夏科技有限公司山东营销中心的地址284
285,华夏科技有限公司海南研发中心,华夏科技有限公司海南研发中心的地址285
286,华夏科技有限公司海南研发中心,华夏科技有限公司海南研发中心的地址286
287,华夏科技有限公司山东营销中心,华夏科技有限公司山东营销中心的地址287
288,南京市玄武区金陵电子研究院,南京市玄武区金陵电子研究院的地址288
289,华夏科技有限公司海南研发中心,华夏科技有限公司海南研发中心的地址289
290,华夏科技有限公司山东营销中心,华夏科技有限公司山东营销中心的地址290
291,南京市玄武区金陵电子研究院,南京市玄武区金陵电子研究院的地址291
292,华夏科技有限公司海南研发中心,华夏科技有限公司海南研发中心的地址292
293,华夏科技有限公司山东营销中心,华夏科技有限公司山东营销中心的地址293
294,华夏科技有限公司山东分公司,华夏科技有限公司山东分公司的地址294
295,华夏科技有限公司海南研发中心,华夏科技有限公司海南研发中心的地址295
296,华夏科技有限公司海南营销中心,华夏科技有限公司海南营销中心的地址296
297,华夏科技有限公司山东分公司,华夏科技有限公司山东分公司的地址297
298,华夏科技有限公司海南研发中心,华夏科技有限公司海南研发中心的地址298
299,华夏科技有限公司海南营销中心,华夏科技有限公司海南营销中心的地址299
300,华夏科技有限公司山东分公司,华夏科技有限公司山东分公司的地址300
301,华夏科技有限公司海南研发中心,华夏科技有限公司海南研发中心的地址301
302,华夏科技有限公司海南营销中心,华夏科技有限公司海南营销中心的地址302
303,华夏科技有限公司山东分公司,华夏科技有限公司山东分公司的地址303
304,华夏科技有限公司海南研发中心,华夏科技有限公司海南研发中心的地址304
305,华夏科技有限公司海南营销中心,华夏科技有限公司海南营销中心的地址305
306,华夏科技有限公司海南营销中心,华夏科技有限公司海南营销中心的地址306
307,华夏科技有限公司山东分公司,华夏科技有限公司山东分公司的地址307
308,华夏科技有限公司海南研发中心,华夏科技有限公司海南研发中心的地址308
309,华夏科技有限公司海南营销中心,华夏科技有限公司海南营销中心的地址309
310,华夏科技有限公司山东分公司,华夏科技有限公司山东分公司的地址310
311,华夏科技有限公司海南研发中心,华夏科技有限公司海南研发中心的地址311
312,华夏科技有限公司海南营销中心,华夏科技有限公司海南营销中心的地址312
313,华夏科技有限公司山东分公司,华夏科技有限公司山东分公司的地址313
314,华夏科技有限公司海南研发中心,华夏科技有限公司海南研发中心的地址314
315,华夏科技有限公司,华夏科技有限公司的地址315
316,华夏科技有限公司海南营销中心,华夏科技有限公司海南营销中心的地址316
317,华夏科技有限公司山东分公司,华夏科技有限公司山东分公司的地址317
318,华夏科技有限公司,华夏科技有限公司的地址318
319,华夏科技有限公司海南研发中心,华夏科技有限公司海南研发中心的地址319
320,华夏科技有限公司海南营销中心,华夏科技有限公司海南营销中心的地址320
321,华夏科技有限公司山东分公司,华夏科技有限公司山东分公司的地址321
322,华夏科技有限公司海南研发中心,华夏科技有限公司海南研发中心的地址322
323,华夏科技有限公司海南营销中心,华夏科技有限公司海南营销中心的地址323
324,华夏科技有限公司山东分公司,华夏科技有限公司山东分公司的地址324
325,华夏科技有限公司海南研发中心,华夏科技有限公司海南研发中心的地址325
326,华夏科技有限公司海南营销中心,华夏科技有限公司海南营销中心的地址326
327,华夏科技有限公司海南研发中心,华夏科技有限公司海南研发中心的地址327
328,华夏科技有限公司,华夏科技有限公司的地址328
329,华夏科技有限公司山东营销中心,华夏科技有限公司山东营销中心的地址329
330,华夏科技有限公司海南研发中心,华夏科技有限公司海南研发中心的地址330
331,华夏科技有限公司海南研发中心,华夏科技有限公司海南研发中心的地址331
332,华夏科技有限公司山东营销中心,华夏科技有限公司山东营销中心的地址332
333,华夏科技有限公司海南研发中心,华夏科技有限公司海南研发中心的地址333
334,华夏科技有限公司海南研发中心,华夏科技有限公司海南研发中心的地址334
335,华夏科技有限公司,华夏科技有限公司的地址335
336,华夏科技有限公司山东营销中心,华夏科技有限公司山东营销中心的地址336
337,华夏科技有限公司海南研发中心,华夏科技有限公司海南研发中心的地址337
338,华夏科技有限公司,华夏科技有限公司的地址338
339,华夏科技有限公司山东分公司,华夏科技有限公司山东分公司的地址339
340,华夏科技有限公司,华夏科技有限公司的地址340
341,华夏科技有限公司海南研发中心,华夏科技有限公司海南研发中心的地址341
342,华夏科技有限公司海南营销中心,华夏科技有限公司海南营销中心的地址342
343,华夏科技有限公司,华夏科技有限公司的地址343
344,华夏科技有限公司山东分公司,华夏科技有限公司山东分公司的地址344
345,华夏科技有限公司海南研发中心,华夏科技有限公司海南研发中心的地址345
346,华夏科技有限公司,华夏科技有限公司的地址346
347,华夏科技有限公司,华夏科技有限公司的地址347
348,华夏科技有限公司,华夏科技有限公司的地址348
349,华夏科技有限公司海南研发中心,华夏科技有限公司海南研发中心的地址349
350,华夏科技有限公司,华夏科技有限公司的地址350
351,华夏科技有限公司山东分公司,华夏科技有限公司山东分公司的地址351
352,华夏科技有限公司,华夏科技有限公司的地址352
353,华夏科技有限公司海南研发中心,华夏科技有限公司海南研发中心的地址353
354,华夏科技有限公司山东营销中心,华夏科技有限公司山东营销中心的地址354
355,华夏科技有限公司,华夏科技有限公司的地址355
356,华夏科技有限公司海南研发中心,华夏科技有限公司海南研发中心的地址356
357,华夏科技有限公司山东营销中心,华夏科技有限公司山东营销中心的地址357
358,华夏科技有限公司,华夏科技有限公司的地址358
359,华夏科技有限公司海南研发中心,华夏科技有限公司海南研发中心的地址359
360,华夏科技有限公司,华夏科技有限公司的地址360
361,华夏科技有限公司海南营销中心,华夏科技有限公司海南营销中心的地址361
362,华夏科技有限公司山东分公司,华夏科技有限公司山东分公司的地址362
363,华夏科技有限公司,华夏科技有限公司的地址363
364,华夏科技有限公司,华夏科技有限公司的地址364
365,华夏科技有限公司,华夏科技有限公司的地址365
366,华夏科技有限公司,华夏科技有限公司的地址366
367,华夏科技有限公司,华夏科技有限公司的地址367
368,华夏科技有限公司,华夏科技有限公司的地址368
369,华夏科技有限公司海南研发中心,华夏科技有限公司海南研发中心的地址369
370,华夏科技有限公司,华夏科技有限公司的地址370
371,华夏科技有限公司,华夏科技有限公司的地址371
372,华夏科技有限公司山东分公司,华夏科技有限公司山东分公司的地址372
373,华夏科技有限公司,华夏科技有限公司的地址373
374,华夏科技有限公司海南研发中心,华夏科技有限公司海南研发中心的地址374
375,华夏科技有限公司,华夏科技有限公司的地址375
376,华夏科技有限公司山东分公司,华夏科技有限公司山东分公司的地址376
377,华夏科技有限公司,华夏科技有限公司的地址377
378,华夏科技有限公司,华夏科技有限公司的地址378
379,华夏科技有限公司,华夏科技有限公司的地址379
380,华夏科技有限公司,华夏科技有限公司的地址380
381,华夏科技有限公司海南研发中心,华夏科技有限公司海南研发中心的地址381
382,华夏科技有限公司,华夏科技有限公司的地址382
383,华夏科技有限公司山东分公司,华夏科技有限公司山东分公司的地址383
384,华夏科技有限公司,华夏科技有限公司的地址384
385,华夏科技有限公司,华夏科技有限公司的地址385
386,华夏科技有限公司,华夏科技有限公司的地址386
387,华夏科技有限公司山东分公司,华夏科技有限公司山东分公司的地址387
388,华夏科技有限公司,华夏科技有限公司的地址388
389,华夏科技有限公司海南研发中心,华夏科技有限公司海南研发中心的地址389
390,华夏科技有限公司,华夏科技有限公司的地址390
391,华夏科技有限公司,华夏科技有限公司的地址391
392,华夏科技有限公司,华夏科技有限公司的地址392
393,华夏科技有限公司海南研发中心,华夏科技有限公司海南研发中心的地址393
394,华夏科技有限公司山东分公司,华夏科技有限公司山东分公司的地址394
395,华夏科技有限公司,华夏科技有限公司的地址395
396,华夏科技有限公司海南营销中心,华夏科技有限公司海南营销中心的地址396
397,华夏科技有限公司山东分公司,华夏科技有限公司山东分公司的地址397
398,华夏科技有限公司,华夏科技有限公司的地址398
399,华夏科技有限公司海南研发中心,华夏科技有限公司海南研发中心的地址399
400,华夏科技有限公司,华夏科技有限公司的地址400
401,华夏科技有限公司山东分公司,华夏科技有限公司山东分公司的地址401
402,华夏科技有限公司,华夏科技有限公司的地址402
403,华夏科技有限公司海南研发中心,华夏科技有限公司海南研发中心的地址403
404,南京市玄武区金陵电子研究院,南京市玄武区金陵电子研究院的地址404
405,华夏科技有限公司,华夏科技有限公司的地址405
406,华夏科技有限公司海南研发中心,华夏科技有限公司海南研发中心的地址406
407,南京市玄武区金陵电子研究院,南京市玄武区金陵电子研究院的地址407
408,华夏科技有限公司,华夏科技有限公司的地址408
409,华夏科技有限公司,华夏科技有限公司的地址409
410,华夏科技有限公司,华夏科技有限公司的地址410
411,南京市玄武区金陵电子研究院,南京市玄武区金陵电子研究院的地址411
412,华夏科技有限公司,华夏科技有限公司的地址412
413,华夏科技有限公司海南研发中心,华夏科技有限公司海南研发中心的地址413
414,华夏科技有限公司,华夏科技有限公司的地址414
415,华夏科技有限公司山东分公司,华夏科技有限公司山东分公司的地址415
416,南京市玄武区金陵电子研究院,南京市玄武区金陵电子研究院的地址416
417,华夏科技有限公司海南研发中心,华夏科技有限公司海南研发中心的地址417
418,华夏科技有限公司山东分公司,华夏科技有限公司山东分公司的地址418
419,华夏科技有限公司,华夏科技有限公司的地址419
420,华夏科技有限公司,华夏科技有限公司的地址420
421,南京市玄武区金陵电子研究院,南京市玄武区金陵电子研究院的地址421
422,华夏科技有限公司,华夏科技有限公司的地址422
423,华夏科技有限公司,华夏科技有限公司的地址423
424,华夏科技有限公司,华夏科技有限公司的地址424
425,华夏科技有限公司,华夏科技有限公司的地址425
426,华夏科技有限公司,华夏科技有限公司的地址426
427,华夏科技有限公司,华夏科技有限公司的地址427
428,华夏科技有限公司,华夏科技有限公司的地址428
429,华夏科技有限公司,华夏科技有限公司的地址429
430,华夏科技有限公司,华夏科技有限公司的地址430
431,华夏科技有限公司,华夏科技有限公司的地址431
432,华夏科技有限公司,华夏科技有限公司的地址432
433,华夏科技有限公司,华夏科技有限公司的地址433
434,华夏科技有限公司,华夏科技有限公司的地址434
435,华夏科技有限公司,华夏科技有限公司的地址435
436,华夏科技有限公司,华夏科技有限公司的地址436
437,华夏科技有限公司,华夏科技有限公司的地址437
438,华夏科技有限公司,华夏科技有限公司的地址438
439,华夏科技有限公司,华夏科技有限公司的地址439
440,华夏科技有限公司,华夏科技有限公司的地址440
441,华夏科技有限公司,华夏科技有限公司的地址441
442,华夏科技有限公司海南研发中心,华夏科技有限公司海南研发中心的地址442
443,华夏科技有限公司,华夏科技有限公司的地址443
444,华夏科技有限公司,华夏科技有限公司的地址444
445,华夏科技有限公司,华夏科技有限公司的地址445
446,华夏科技有限公司海南研发中心,华夏科技有限公司海南研发中心的地址446
447,华夏科技有限公司,华夏科技有限公司的地址447
448,华夏科技有限公司,华夏科技有限公司的地址448
449,华夏科技有限公司,华夏科技有限公司的地址449
450,华夏科技有限公司,华夏科技有限公司的地址450
451,华夏科技有限公司,华夏科技有限公司的地址451
452,华夏科技有限公司,华夏科技有限公司的地址452
453,华夏科技有限公司,华夏科技有限公司的地址453
454,华夏科技有限公司,华夏科技有限公司的地址454
455,南京市玄武区金陵电子研究院,南京市玄武区金陵电子研究院的地址455
456,华夏科技有限公司,华夏科技有限公司的地址456
457,华夏科技有限公司,华夏科技有限公司的地址457
458,华夏科技有限公司,华夏科技有限公司的地址458
459,华夏科技有限公司,华夏科技有限公司的地址459
460,华夏科技有限公司,华夏科技有限公司的地址460
461,华夏科技有限公司,华夏科技有限公司的地址461
462,华夏科技有限公司海南研发中心,华夏科技有限公司海南研发中心的地址462
463,华夏科技有限公司,华夏科技有限公司的地址463
464,南京市玄武区金陵电子研究院,南京市玄武区金陵电子研究院的地址464
465,华夏科技有限公司海南研发中心,华夏科技有限公司海南研发中心的地址465
466,华夏科技有限公司,华夏科技有限公司的地址466
467,华夏科技有限公司山东分公司,华夏科技有限公司山东分公司的地址467
468,华夏科技有限公司,华夏科技有限公司的地址468
469,华夏科技有限公司海南研发中心,华夏科技有限公司海南研发中心的地址469
470,华夏科技有限公司,华夏科技有限公司的地址470
471,华夏科技有限公司山东分公司,华夏科技有限公司山东分公司的地址471
472,华夏科技有限公司华东分公司,华夏科技有限公司华东分公司的地址472
473,华夏科技有限公司,华夏科技有限公司的地址473
474,华夏科技有限公司广州分公司,华夏科技有限公司广州分公司的地址474
475,华夏科技有限公司海南营销中心,华夏科技有限公司海南营销中心的地址475
476,华夏科技有限公司,华夏科技有限公司的地址476
477,华夏科技有限公司广州分公司,华夏科技有限公司广州分公司的地址477
478,华夏科技有限公司海南研发中心,华夏科技有限公司海南研发中心的地址478
479,华夏科技有限公司山东分公司,华夏科技有限公司山东分公司的地址479
480,华夏科技有限公司广州分公司,华夏科技有限公司广州分公司的地址480
481,华夏科技有限公司海南研发中心,华夏科技有限公司海南研发中心的地址481
482,华夏科技有限公司,华夏科技有限公司的地址482
483,华夏科技有限公司山东分公司,华夏科技有限公司山东分公司的地址483
484,华夏科技有限公司广州分公司,华夏科技有限公司广州分公司的地址484
485,华夏科技有限公司,华夏科技有限公司的地址485
486,华夏科技有限公司海南研发中心,华夏科技有限公司海南研发中心的地址486
487,华夏科技有限公司,华夏科技有限公司的地址487
488,华夏科技有限公司广州分公司,华夏科技有限公司广州分公司的地址488
489,华夏科技有限公司山东分公司,华夏科技有限公司山东分公司的地址489
490,华夏科技有限公司,华夏科技有限公司的地址490
491,华夏科技有限公司海南研发中心,华夏科技有限公司海南研发中心的地址491
492,华夏科技有限公司,华夏科技有限公司的地址492
493,华夏科技有限公司,华夏科技有限公司的地址493
494,华夏科技有限公司,华夏科技有限公司的地址494
495,华夏科技有限公司海南研发中心,华夏科技有限公司海南研发中心的地址495
496,华夏科技有限公司,华夏科技有限公司的地址496
497,华夏科技有限公司,华夏科技有限公司的地址497
498,华夏科技有限公司,华夏科技有限公司的地址498
499,华夏科技有限公司,华夏科技有限公司的地址499
500,华夏科技有限公司海南研发中心,华夏科技有限公司海南研发中心的地址500
501,华夏科技有限公司广州分公司,华夏科技有限公司广州分公司的地址501
502,华夏科技有限公司,华夏科技有限公司的地址502
503,华夏科技有限公司山东分公司,华夏科技有限公司山东分公司的地址503
504,华夏科技有限公司,华夏科技有限公司的地址504
505,华夏科技有限公司,华夏科技有限公司的地址505
506,华夏科技有限公司海南研发中心,华夏科技有限公司海南研发中心的地址506
507,华夏科技有限公司广州分公司,华夏科技有限公司广州分公司的地址507
508,华夏科技有限公司,华夏科技有限公司的地址508
509,华夏科技有限公司,华夏科技有限公司的地址509
510,华夏科技有限公司,华夏科技有限公司的地址510
511,华夏科技有限公司广州分公司,华夏科技有限公司广州分公司的地址511
512,华夏科技有限公司,华夏科技有限公司的地址512
513,华夏科技有限公司,华夏科技有限公司的地址513
514,华夏科技有限公司,华夏科技有限公司的地址514
515,华夏科技有限公司广州分公司,华夏科技有限公司广州分公司的地址515
516,华夏科技有限公司,华夏科技有限公司的地址516
517,华夏科技有限公司,华夏科技有限公司的地址517
518,华夏科技有限公司海南研发中心,华夏科技有限公司海南研发中心的地址518
519,华夏科技有限公司广州分公司,华夏科技有限公司广州分公司的地址519
520,华夏科技有限公司,华夏科技有限公司的地址520
521,华夏科技有限公司,华夏科技有限公司的地址521
522,华夏科技有限公司,华夏科技有限公司的地址522
523,华夏科技有限公司,华夏科技有限公司的地址523
524,华夏科技有限公司广州分公司,华夏科技有限公司广州分公司的地址524
525,华夏科技有限公司,华夏科技有限公司的地址525
526,华夏科技有限公司,华夏科技有限公司的地址526
527,华夏科技有限公司,华夏科技有限公司的地址527
528,华夏科技有限公司广州分公司,华夏科技有限公司广州分公司的地址528
529,华夏科技有限公司,华夏科技有限公司的地址529
530,华夏科技有限公司,华夏科技有限公司的地址530
531,华夏科技有限公司,华夏科技有限公司的地址531
532,华夏科技有限公司广州分公司,华夏科技有限公司广州分公司的地址532
533,华夏科技有限公司,华夏科技有限公司的地址533
534,华夏科技有限公司,华夏科技有限公司的地址534
535,华夏科技有限公司,华夏科技有限公司的地址535
536,华夏科技有限公司广州分公司,华夏科技有限公司广州分公司的地址536
537,华夏科技有限公司,华夏科技有限公司的地址537
538,华夏科技有限公司,华夏科技有限公司的地址538
539,华夏科技有限公司海南研发中心,华夏科技有限公司海南研发中心的地址539
540,华夏科技有限公司,华夏科技有限公司的地址540
541,华夏科技有限公司广州分公司,华夏科技有限公司广州分公司的地址541
542,华夏科技有限公司北京分公司,华夏科技有限公司北京分公司的地址542
543,华夏科技有限公司海南研发中心,华夏科技有限公司海南研发中心的地址543
544,华夏科技有限公司广州分公司,华夏科技有限公司广州分公司的地址544
545,华夏科技有限公司,华夏科技有限公司的地址545
546,华夏科技有限公司北京分公司,华夏科技有限公司北京分公司的地址546
547,华夏科技有限公司海南研发中心,华夏科技有限公司海南研发中心的地址547
548,华夏科技有限公司,华夏科技有限公司的地址548
549,华夏科技有限公司广州分公司,华夏科技有限公司广州分公司的地址549
550,华夏科技有限公司北京分公司,华夏科技有限公司北京分公司的地址550
551,华夏科技有限公司海南研发中心,华夏科技有限公司海南研发中心的地址551
552,华夏科技有限公司,华夏科技有限公司的地址552
553,华夏科技有限公司广州分公司,华夏科技有限公司广州分公司的地址553
554,华夏科技有限公司北京分公司,华夏科技有限公司北京分公司的地址554
555,华夏科技有限公司海南研发中心,华夏科技有限公司海南研发中心的地址555
556,华夏科技有限公司广州分公司,华夏科技有限公司广州分公司的地址556
557,华夏科技有限公司,华夏科技有限公司的地址557
558,华夏科技有限公司,华夏科技有限公司的地址558
559,华夏科技有限公司北京分公司,华夏科技有限公司北京分公司的地址559
560,南京市玄武区金陵电子研究院,南京市玄武区金陵电子研究院的地址560
561,华夏科技有限公司广州研发中心,华夏科技有限公司广州研发中心的地址561
562,华夏科技有限公司北京分公司,华夏科技有限公司北京分公司的地址562
563,华夏科技有限公司海南研发中心,华夏科技有限公司海南研发中心的地址563
564,华夏科技有限公司广州研发中心,华夏科技有限公司广州研发中心的地址564
565,华夏科技有限公司北京分公司,华夏科技有限公司北京分公司的地址565
566,华夏科技有限公司海南研发中心,华夏科技有限公司海南研发中心的地址566
567,华夏科技有限公司广州研发中心,华夏科技有限公司广州研发中心的地址567
568,华夏科技有限公司北京分公司,华夏科技有限公司北京分公司的地址568
569,华夏科技有限公司海南研发中心,华夏科技有限公司海南研发中心的地址569
570,华夏科技有限公司广州研发中心,华夏科技有限公司广州研发中心的地址570
571,华夏科技有限公司北京分公司,华夏科技有限公司北京分公司的地址571
572,华夏科技有限公司广州研发中心,华夏科技有限公司广州研发中心的地址572
573,华夏科技有限公司海南研发中心,华夏科技有限公司海南研发中心的地址573
574,华夏科技有限公司北京分公司,华夏科技有限公司北京分公司的地址574
575,华夏科技有限公司广州研发中心,华夏科技有限公司广州研发中心的地址575
576,华夏科技有限公司广州研发中心,华夏科技有限公司广州研发中心的地址576
577,华夏科技有限公司北京分公司,华夏科技有限公司北京分公司的地址577
578,华夏科技有限公司广州研发中心,华夏科技有限公司广州研发中心的地址578
579,华夏科技有限公司海南研发中心,华夏科技有限公司海南研发中心的地址579
580,华夏科技有限公司北京分公司,华夏科技有限公司北京分公司的地址580
581,华夏科技有限公司广州研发中心,华夏科技有限公司广州研发中心的地址581
582,华夏科技有限公司海南研发中心,华夏科技有限公司海南研发中心的地址582
583,华夏科技有限公司北京分公司,华夏科技有限公司北京分公司的地址583
584,华夏科技有限公司广州研发中心,华夏科技有限公司广州研发中心的地址584
585,华夏科技有限公司海南研发中心,华夏科技有限公司海南研发中心的地址585
586,华夏科技有限公司北京研发中心,华夏科技有限公司北京研发中心的地址586
587,华夏科技有限公司广州分公司,华夏科技有限公司广州分公司的地址587
588,华夏科技有限公司海南研发中心,华夏科技有限公司海南研发中心的地址588
589,华夏科技有限公司北京研发中心,华夏科技有限公司北京研发中心的地址589
590,华夏科技有限公司广州分公司,华夏科技有限公司广州分公司的地址590
591,华夏科技有限公司海南研发中心,华夏科技有限公司海南研发中心的地址591
592,华夏科技有限公司北京研发中心,华夏科技有限公司北京研发中心的地址592
593,华夏科技有限公司广州分公司,华夏科技有限公司广州分公司的地址593
594,南京市玄武区金陵电子研究院,南京市玄武区金陵电子研究院的地址594
595,华夏科技有限公司海南研发中心,华夏科技有限公司海南研发中心的地址595
596,华夏科技有限公司北京分公司,华夏科技有限公司北京分公司的地址596
597,华夏科技有限公司杭州分公司,华夏科技有限公司杭州分公司的地址597
598,华夏科技有限公司海南研发中心,华夏科技有限公司海南研发中心的地址598
599,华夏科技有限公司成都分公司,华夏科技有限公司成都分公司的地址599
600,华夏科技有限公司杭州分公司,华夏科技有限公司杭州分公司的地址600
601,华夏科技有限公司北京研发中心,华夏科技有限公司北京研发中心的地址601
602,华夏科技有限公司南京分公司,华夏科技有限公司南京分公司的地址602
603,华夏科技有限公司西安分公司,华夏科技有限公司西安分公司的地址603
604,华夏科技有限公司杭州研发中心,华夏科技有限公司杭州研发中心的地址604
605,华夏科技有限公司天津分公司,华夏科技有限公司天津分公司的地址605
606,华夏科技有限公司东莞分公司,华夏科技有限公司东莞分公司的地址606
607,华夏科技有限公司杭州研发中心,华夏科技有限公司杭州研发中心的地址607
608,华夏科技有限公司长沙分公司,华夏科技有限公司长沙分公司的地址608
609,华夏科技有限公司北京研究院,华夏科技有限公司北京研究院的地址609
610,华夏科技有限公司杭州研发中心,华夏科技有限公司杭州研发中心的地址610
611,华夏科技有限公司昆明分公司,华夏科技有限公司昆明分公司的地址611
612,华夏科技有限公司合肥分公司,华夏科技有限公司合肥分公司的地址612
613,华夏科技有限公司杭州研发中心,华夏科技有限公司杭州研发中心的地址613
614,华夏科技有限公司昆明分公司,华夏科技有限公司昆明分公司的地址614
615,华夏科技有限公司郑州分公司,华夏科技有限公司郑州分公司的地址615
616,华夏科技有限公司杭州研发中心,华夏科技有限公司杭州研发中心的地址616
617,华夏科技有限公司郑州分公司,华夏科技有限公司郑州分公司的地址617
618,华夏科技有限公司长沙研发中心,华夏科技有限公司长沙研发中心的地址618
619,华夏科技有限公司杭州研发中心,华夏科技有限公司杭州研发中心的地址619
620,华夏科技有限公司郑州分公司,华夏科技有限公司郑州分公司的地址620
621,华夏科技有限公司苏州分公司,华夏科技有限公司苏州分公司的地址621
622,华夏科技有限公司杭州研发中心,华夏科技有限公司杭州研发中心的地址622
623,华夏科技有限公司郑州分公司,华夏科技有限公司郑州分公司的地址623
624,华夏科技有限公司苏州分公司,华夏科技有限公司苏州分公司的地址624
625,华夏科技有限公司杭州研发中心,华夏科技有限公司杭州研发中心的地址625
626,华夏科技有限公司郑州研究院,华夏科技有限公司郑州研究院的地址626
627,华夏科技有限公司北京研究院,华夏科技有限公司北京研究院的地址627
628,华夏科技有限公司杭州研发中心,华夏科技有限公司杭州研发中心的地址628
629,华夏科技有限公司郑州分公司,华夏科技有限公司郑州分公司的地址629
630,华夏科技有限公司苏州分公司,华夏科技有限公司苏州分公司的地址630
631,华夏科技有限公司杭州研发中心,华夏科技有限公司杭州研发中心的地址631
632,华夏科技有限公司郑州研究院,华夏科技有限公司郑州研究院的地址632
633,华夏科技有限公司苏州分公司,华夏科技有限公司苏州分公司的地址633
634,华夏科技有限公司郑州研发中心,华夏科技有限公司郑州研发中心的地址634
635,华夏科技有限公司郑州研究院,华夏科技有限公司郑州研究院的地址635
636,华夏科技有限公司郑州研究院,华夏科技有限公司郑州研究院的地址636
637,华夏科技有限公司郑州研发中心,华夏科技有限公司郑州研发中心的地址637
638,华夏科技有限公司郑州研究院,华夏科技有限公司郑州研究院的地址638
639,华夏科技有限公司郑州研究院,华夏科技有限公司郑州研究院的地址639
640,华夏科技有限公司郑州研发中心,华夏科技有限公司郑州研发中心的地址640
641,华夏科技有限公司长沙研发中心,华夏科技有限公司长沙研发中心的地址641
642,华夏科技有限公司郑州研究院,华夏科技有限公司郑州研究院的地址642
643,华夏科技有限公司郑州研究院,华夏科技有限公司郑州研究院的地址643
644,华夏科技有限公司长沙研发中心,华夏科技有限公司长沙研发中心的地址644
645,华夏科技有限公司郑州研究院,华夏科技有限公司郑州研究院的地址645
646,华夏科技有限公司郑州研究院,华夏科技有限公司郑州研究院的地址646
647,华夏科技有限公司长沙研发中心,华夏科技有限公司长沙研发中心的地址647
648,华夏科技有限公司郑州研究院,华夏科技有限公司郑州研究院的地址648
649,华夏科技有限公司郑州研究院,华夏科技有限公司郑州研究院的地址649
650,华夏科技有限公司长沙研发中心,华夏科技有限公司长沙研发中心的地址650
651,华夏科技有限公司郑州研究院,华夏科技有限公司郑州研究院的地址651
652,华夏科技有限公司郑州研究院,华夏科技有限公司郑州研究院的地址652
653,华夏科技有限公司长沙研发中心,华夏科技有限公司长沙研发中心的地址653
654,华夏科技有限公司郑州研究院,华夏科技有限公司郑州研究院的地址654
655,华夏科技有限公司郑州研究院,华夏科技有限公司郑州研究院的地址655
656,华夏科技有限公司长沙研发中心,华夏科技有限公司长沙研发中心的地址656
657,华夏科技有限公司杭州研发中心,华夏科技有限公司杭州研发中心的地址657
658,华夏科技有限公司郑州研究院,华夏科技有限公司郑州研究院的地址658
659,华夏科技有限公司长沙研发中心,华夏科技有限公司长沙研发中心的地址659
660,华夏科技有限公司郑州研究院,华夏科技有限公司郑州研究院的地址660
661,华夏科技有限公司郑州研究院,华夏科技有限公司郑州研究院的地址661
662,华夏科技有限公司长沙研发中心,华夏科技有限公司长沙研发中心的地址662
663,华夏科技有限公司杭州研发中心,华夏科技有限公司杭州研发中心的地址663
664,华夏科技有限公司郑州研究院,华夏科技有限公司郑州研究院的地址664
665,华夏科技有限公司长沙研发中心,华夏科技有限公司长沙研发中心的地址665
666,华夏科技有限公司郑州研究院,华夏科技有限公司郑州研究院的地址666
667,华夏科技有限公司郑州研究院,华夏科技有限公司郑州研究院的地址667
668,华夏科技有限公司长沙研发中心,华夏科技有限公司长沙研发中心的地址668
669,华夏科技有限公司郑州研究院,华夏科技有限公司郑州研究院的地址669
670,华夏科技有限公司杭州研发中心,华夏科技有限公司杭州研发中心的地址670
671,华夏科技有限公司长沙研发中心,华夏科技有限公司长沙研发中心的地址671
672,华夏科技有限公司郑州研究院,华夏科技有限公司郑州研究院的地址672
673,华夏科技有限公司郑州研究院,华夏科技有限公司郑州研究院的地址673
674,华夏科技有限公司长沙研发中心,华夏科技有限公司长沙研发中心的地址674
675,华夏科技有限公司杭州研发中心,华夏科技有限公司杭州研发中心的地址675
676,华夏科技有限公司郑州研究院,华夏科技有限公司郑州研究院的地址676
677,华夏科技有限公司长沙研发中心,华夏科技有限公司长沙研发中心的地址677
678,华夏科技有限公司杭州研发中心,华夏科技有限公司杭州研发中心的地址678
679,华夏科技有限公司郑州研究院,华夏科技有限公司郑州研究院的地址679
680,华夏科技有限公司长沙研发中心,华夏科技有限公司长沙研发中心的地址680
681,华夏科技有限公司杭州研发中心,华夏科技有限公司杭州研发中心的地址681
682,华夏科技有限公司郑州研究院,华夏科技有限公司郑州研究院的地址682
683,华夏科技有限公司长沙研发中心,华夏科技有限公司长沙研发中心的地址683
684,华夏科技有限公司杭州研发中心,华夏科技有限公司杭州研发中心的地址684
685,华夏科技有限公司郑州研究院,华夏科技有限公司郑州研究院的地址685
686,华夏科技有限公司长沙研发中心,华夏科技有限公司长沙研发中心的地址686
687,华夏科技有限公司杭州研发中心,华夏科技有限公司杭州研发中心的地址687
688,华夏科技有限公司北京研究院,华夏科技有限公司北京研究院的地址688
689,华夏科技有限公司长沙研发中心,华夏科技有限公司长沙研发中心的地址689
690,华夏科技有限公司郑州研究院,华夏科技有限公司郑州研究院的地址690
691,华夏科技有限公司郑州研究院,华夏科技有限公司郑州研究院的地址691
692,华夏科技有限公司长沙研发中心,华夏科技有限公司长沙研发中心的地址692
693,华夏科技有限公司北京研究院,华夏科技有限公司北京研究院的地址693
694,华夏科技有限公司郑州研究院,华夏科技有限公司郑州研究院的地址694
695,华夏科技有限公司长沙研发中心,华夏科技有限公司长沙研发中心的地址695
696,华夏科技有限公司北京研究院,华夏科技有限公司北京研究院的地址696
697,华夏科技有限公司郑州研究院,华夏科技有限公司郑州研究院的地址697
698,华夏科技有限公司长沙研发中心,华夏科技有限公司长沙研发中心的地址698
699,华夏科技有限公司北京研究院,华夏科技有限公司北京研究院的地址699
700,华夏科技有限公司郑州研究院,华夏科技有限公司郑州研究院的地址700
701,华夏科技有限公司长沙研发中心,华夏科技有限公司长沙研发中心的地址701
702,华夏科技有限公司北京研究院,华夏科技有限公司北京研究院的地址702
703,华夏科技有限公司郑州研究院,华夏科技有限公司郑州研究院的地址703
704,华夏科技有限公司长沙研发中心,华夏科技有限公司长沙研发中心的地址704
705,华夏科技有限公司北京研究院,华夏科技有限公司北京研究院的地址705
706,华夏科技有限公司郑州研究院,华夏科技有限公司郑州研究院的地址706
707,华夏科技有限公司长沙研发中心,华夏科技有限公司长沙研发中心的地址707
708,华夏科技有限公司杭州研发中心,华夏科技有限公司杭州研发中心的地址708
709,华夏科技有限公司郑州研究院,华夏科技有限公司郑州研究院的地址709
710,华夏科技有限公司长沙研发中心,华夏科技有限公司长沙研发中心的地址710
711,华夏科技有限公司杭州研发中心,华夏科技有限公司杭州研发中心的地址711
712,华夏科技有限公司郑州研究院,华夏科技有限公司郑州研究院的地址712
713,华夏科技有限公司长沙研发中心,华夏科技有限公司长沙研发中心的地址713
714,华夏科技有限公司杭州研发中心,华夏科技有限公司杭州研发中心的地址714
715,华夏科技有限公司郑州研究院,华夏科技有限公司郑州研究院的地址715
716,华夏科技有限公司长沙研发中心,华夏科技有限公司长沙研发中心的地址716
717,华夏科技有限公司北京研究院,华夏科技有限公司北京研究院的地址717
718,华夏科技有限公司郑州研究院,华夏科技有限公司郑州研究院的地址718
719,华夏科技有限公司长沙研发中心,华夏科技有限公司长沙研发中心的地址719
720,华夏科技有限公司郑州研究院,华夏科技有限公司郑州研究院的地址720
721,华夏科技有限公司北京研究院,华夏科技有限公司北京研究院的地址721
722,华夏科技有限公司长沙研发中心,华夏科技有限公司长沙研发中心的地址722
723,华夏科技有限公司郑州研究院,华夏科技有限公司郑州研究院的地址723
724,华夏科技有限公司长沙研发中心,华夏科技有限公司长沙研发中心的地址724
725,华夏科技有限公司长沙研发中心,华夏科技有限公司长沙研发中心的地址725
726,华夏科技有限公司郑州研究院,华夏科技有限公司郑州研究院的地址726
727,华夏科技有限公司杭州研发中心,华夏科技有限公司杭州研发中心的地址727
728,华夏科技有限公司长沙研发中心,华夏科技有限公司长沙研发中心的地址728
729,华夏科技有限公司郑州研究院,华夏科技有限公司郑州研究院的地址729
730,华夏科技有限公司长沙研发中心,华夏科技有限公司长沙研发中心的地址730
731,华夏科技有限公司北京研究院,华夏科技有限公司北京研究院的地址731
732,华夏科技有限公司杭州研发中心,华夏科技有限公司杭州研发中心的地址732
733,华夏科技有限公司长沙研发中心,华夏科技有限公司长沙研发中心的地址733
734,华夏科技有限公司长沙研发中心,华夏科技有限公司长沙研发中心的地址734
735,华夏科技研究院,华夏科技研究院的地址735
736,华夏科技有限公司郑州研究院,华夏科技有限公司郑州研究院的地址736
737,华夏科技有限公司杭州研发中心,华夏科技有限公司杭州研发中心的地址737
738,华夏科技有限公司长沙研发中心,华夏科技有限公司长沙研发中心的地址738
739,华夏科技有限公司郑州研究院,华夏科技有限公司郑州研究院的地址739
740,华夏科技有限公司长沙研发中心,华夏科技有限公司长沙研发中心的地址740
741,华夏科技有限公司杭州研发中心,华夏科技有限公司杭州研发中心的地址741
742,华夏科技有限公司郑州研究院,华夏科技有限公司郑州研究院的地址742
743,华夏科技有限公司长沙研发中心,华夏科技有限公司长沙研发中心的地址743
744,华夏科技有限公司长沙研发中心,华夏科技有限公司长沙研发中心的地址744
745,华夏科技有限公司郑州研究院,华夏科技有限公司郑州研究院的地址745
746,华夏科技有限公司长沙研发中心,华夏科技有限公司长沙研发中心的地址746
747,华夏科技有限公司长沙研发中心,华夏科技有限公司长沙研发中心的地址747
748,华夏科技有限公司郑州研究院,华夏科技有限公司郑州研究院的地址748
749,华夏科技有限公司长沙研发中心,华夏科技有限公司长沙研发中心的地址749
750,华夏科技有限公司长沙研发中心,华夏科技有限公司长沙研发中心的地址750
751,华夏科技有限公司郑州研究院,华夏科技有限公司郑州研究院的地址751
752,华夏科技有限公司长沙研发中心,华夏科技有限公司长沙研发中心的地址752
753,华夏科技有限公司长沙研发中心,华夏科技有限公司长沙研发中心的地址753
754,华夏智科信息技术有限公司,华夏智科信息技术有限公司的地址754
755,华夏科技有限公司郑州研究院,华夏科技有限公司郑州研究院的地址755
756,华夏科技有限公司长沙研发中心,华夏科技有限公司长沙研发中心的地址756
757,华夏智科信息技术有限公司,华夏智科信息技术有限公司的地址757
758,华夏科技有限公司郑州研究院,华夏科技有限公司郑州研究院的地址758
759,华夏科技有限公司长沙研发中心,华夏科技有限公司长沙研发中心的地址759
760,华夏智科信息技术有限公司,华夏智科信息技术有限公司的地址760
761,华夏科技有限公司郑州研究院,华夏科技有限公司郑州研究院的地址761
762,南京市华夏科技有限公司,南京市华夏科技有限公司的地址762
763,华夏智科信息技术有限公司,华夏智科信息技术有限公司的地址763
764,南京市华夏科技有限公司,南京市华夏科技有限公司的地址764
765,华夏科技有限公司郑州研究院,华夏科技有限公司郑州研究院的地址765
766,南京市华夏科技有限公司,南京市华夏科技有限公司的地址766
767,华夏智科信息技术有限公司,华夏智科信息技术有限公司的地址767
768,华夏科技有限公司,华夏科技有限公司的地址768
769,南京市华夏科技有限公司,南京市华夏科技有限公司的地址769
770,南京市华夏科技有限公司,南京市华夏科技有限公司的地址770
771,华夏智科信息技术有限公司,华夏智科信息技术有限公司的地址771
772,华夏智科信息技术有限公司,华夏智科信息技术有限公司的地址772
773,南京市华夏科技有限公司,南京市华夏科技有限公司的地址773
774,华夏智科信息技术有限公司,华夏智科信息技术有限公司的地址774
775,华夏智科信息技术有限公司,华夏智科信息技术有限公司的地址775
776,南京市华夏科技有限公司,南京市华夏科技有限公司的地址776
777,华夏智科信息技术有限公司,华夏智科信息技术有限公司的地址777
778,华夏智科信息技术有限公司,华夏智科信息技术有限公司的地址778
779,南京市华夏科技有限公司,南京市华夏科技有限公司的地址779
780,华夏智科信息技术有限公司,华夏智科信息技术有限公司的地址780
781,华夏智科信息技术有限公司,华夏智科信息技术有限公司的地址781
782,华夏科技有限公司,华夏科技有限公司的地址782
783,南京市华夏科技有限公司,南京市华夏科技有限公司的地址783
784,华夏智科信息技术有限公司,华夏智科信息技术有限公司的地址784
785,华夏智科信息技术有限公司,华夏智科信息技术有限公司的地址785
786,南京市华夏科技有限公司,南京市华夏科技有限公司的地址786
787,华夏科技有限公司,华夏科技有限公司的地址787
788,华夏科技有限公司,华夏科技有限公司的地址788
789,华夏智科信息技术有限公司,华夏智科信息技术有限公司的地址789
790,华夏智科信息技术有限公司,华夏智科信息技术有限公司的地址790
791,南京市华夏科技有限公司,南京市华夏科技有限公司的地址791
792,华夏智科信息技术有限公司,华夏智科信息技术有限公司的地址792
793,华夏智科信息技术有限公司,华夏智科信息技术有限公司的地址793
794,南京市华夏科技有限公司,南京市华夏科技有限公司的地址794
795,华夏智科信息技术有限公司,华夏智科信息技术有限公司的地址795
796,华夏智科信息技术有限公司,华夏智科信息技术有限公司的地址796
797,华夏智科信息技术有限公司,华夏智科信息技术有限公司的地址797
798,南京市华夏科技有限公司,南京市华夏科技有限公司的地址798
799,华夏智科信息技术有限公司,华夏智科信息技术有限公司的地址799
800,华夏智科信息技术有限公司,华夏智科信息技术有限公司的地址800
801,南京市华夏科技有限公司,南京市华夏科技有限公司的地址801
802,华夏智科信息技术有限公司,华夏智科信息技术有限公司的地址802
803,华夏智科信息技术有限公司,华夏智科信息技术有限公司的地址803
804,南京市华夏科技有限公司,南京市华夏科技有限公司的地址804
805,华夏智科信息技术有限公司,华夏智科信息技术有限公司的地址805
806,华夏智科信息技术有限公司,华夏智科信息技术有限公司的地址806
807,南京市华夏科技有限公司,南京市华夏科技有限公司的地址807
808,华夏智科信息技术有限公司,华夏智科信息技术有限公司的地址808
809,华夏智科信息技术有限公司,华夏智科信息技术有限公司的地址809
810,南京市华夏科技有限公司,南京市华夏科技有限公司的地址810
811,华夏智科信息技术有限公司,华夏智科信息技术有限公司的地址811
812,华夏智科信息技术有限公司,华夏智科信息技术有限公司的地址812
813,南京市华夏科技有限公司,南京市华夏科技有限公司的地址813
814,华夏智科信息技术有限公司,华夏智科信息技术有限公司的地址814
815,华夏智科信息技术有限公司,华夏智科信息技术有限公司的地址815
816,华夏科技有限公司,华夏科技有限公司的地址816
817,华夏智科信息技术有限公司,华夏智科信息技术有限公司的地址817
818,华夏智科信息技术有限公司,华夏智科信息技术有限公司的地址818
819,华夏智科信息技术有限公司,华夏智科信息技术有限公司的地址819
820,华夏智科信息技术有限公司,华夏智科信息技术有限公司的地址820
821,华夏智科信息技术有限公司,华夏智科信息技术有限公司的地址821
822,华夏智科信息技术有限公司,华夏智科信息技术有限公司的地址822
823,华夏智科信息技术有限公司,华夏智科信息技术有限公司的地址823
824,华夏智科信息技术有限公司,华夏智科信息技术有限公司的地址824
825,华夏智科信息技术有限公司,华夏智科信息技术有限公司的地址825
826,华夏智科信息技术有限公司,华夏智科信息技术有限公司的地址826
827,华夏智科信息技术有限公司,华夏智科信息技术有限公司的地址827
828,华夏科技有限公司郑州研究院,华夏科技有限公司郑州研究院的地址828
829,华夏智科信息技术有限公司,华夏智科信息技术有限公司的地址829
830,华夏科技有限公司郑州研究院,华夏科技有限公司郑州研究院的地址830
831,华夏科技有限公司郑州研究院,华夏科技有限公司郑州研究院的地址831
832,华夏智科信息技术有限公司,华夏智科信息技术有限公司的地址832
833,华夏智科信息技术有限公司,华夏智科信息技术有限公司的地址833
834,华夏智科信息技术有限公司,华夏智科信息技术有限公司的地址834
835,华夏智科信息技术有限公司,华夏智科信息技术有限公司的地址835
836,华夏智科信息技术有限公司,华夏智科信息技术有限公司的地址836
837,华夏科技有限公司郑州研究院,华夏科技有限公司郑州研究院的地址837
838,华夏智科信息技术有限公司,华夏智科信息技术有限公司的地址838
839,华夏智科信息技术有限公司,华夏智科信息技术有限公司的地址839
840,华夏智科信息技术有限公司,华夏智科信息技术有限公司的地址840
841,华夏智科信息技术有限公司,华夏智科信息技术有限公司的地址841
842,华夏智科信息技术有限公司,华夏智科信息技术有限公司的地址842
843,华夏智科信息技术有限公司,华夏智科信息技术有限公司的地址843
844,华夏智科信息技术有限公司,华夏智科信息技术有限公司的地址844
845,华夏智科信息技术有限公司,华夏智科信息技术有限公司的地址845
846,华夏智科信息技术有限公司,华夏智科信息技术有限公司的地址846
847,华夏智科信息技术有限公司,华夏智科信息技术有限公司的地址847
848,华夏科技有限公司郑州研究院,华夏科技有限公司郑州研究院的地址848
849,华夏科技有限公司杭州研发中心,华夏科技有限公司杭州研发中心的地址849
850,华夏智科信息技术有限公司,华夏智科信息技术有限公司的地址850
851,华夏智科信息技术有限公司,华夏智科信息技术有限公司的地址851
852,华夏智科信息技术有限公司,华夏智科信息技术有限公司的地址852
853,南京市华夏科技有限公司,南京市华夏科技有限公司的地址853
854,华夏科技有限公司郑州研究院,华夏科技有限公司郑州研究院的地址854
855,华夏智科信息技术有限公司,华夏智科信息技术有限公司的地址855
856,华夏智科信息技术有限公司,华夏智科信息技术有限公司的地址856
857,华夏科技有限公司郑州研究院,华夏科技有限公司郑州研究院的地址857
858,华夏智科信息技术有限公司,华夏智科信息技术有限公司的地址858
859,华夏智科信息技术有限公司,华夏智科信息技术有限公司的地址859
860,华夏科技有限公司郑州研究院,华夏科技有限公司郑州研究院的地址860
861,华夏智科信息技术有限公司,华夏智科信息技术有限公司的地址861
862,华夏智科信息技术有限公司,华夏智科信息技术有限公司的地址862
863,华夏智科信息技术有限公司,华夏智科信息技术有限公司的地址863
864,华夏智科信息技术有限公司,华夏智科信息技术有限公司的地址864
865,华夏智科信息技术有限公司,华夏智科信息技术有限公司的地址865
866,华夏智科信息技术有限公司,华夏智科信息技术有限公司的地址866
867,华夏科技有限公司郑州研究院,华夏科技有限公司郑州研究院的地址867
868,华夏智科信息技术有限公司,华夏智科信息技术有限公司的地址868
869,华夏智科信息技术有限公司,华夏智科信息技术有限公司的地址869
870,华夏科技有限公司郑州研究院,华夏科技有限公司郑州研究院的地址870
871,华夏智科信息技术有限公司,华夏智科信息技术有限公司的地址871
872,华夏智科信息技术有限公司,华夏智科信息技术有限公司的地址872
873,华夏智科信息技术有限公司,华夏智科信息技术有限公司的地址873
874,华夏智科信息技术有限公司,华夏智科信息技术有限公司的地址874
875,华夏科技有限公司杭州研发中心,华夏科技有限公司杭州研发中心的地址875
876,华夏科技有限公司,华夏科技有限公司的地址876
877,华夏智科信息技术有限公司,华夏智科信息技术有限公司的地址877
878,华夏智科信息技术有限公司,华夏智科信息技术有限公司的地址878
879,华夏智科信息技术有限公司,华夏智科信息技术有限公司的地址879
880,华夏科技有限公司杭州研发中心,华夏科技有限公司杭州研发中心的地址880
881,华夏科技有限公司郑州研究院,华夏科技有限公司郑州研究院的地址881
882,华夏智科信息技术有限公司,华夏智科信息技术有限公司的地址882
883,华夏科技有限公司杭州研发中心,华夏科技有限公司杭州研发中心的地址883
884,华夏科技有限公司郑州研究院,华夏科技有限公司郑州研究院的地址884
885,华夏智科信息技术有限公司,华夏智科信息技术有限公司的地址885
886,华夏智科信息技术有限公司,华夏智科信息技术有限公司的地址886
887,华夏智科信息技术有限公司,华夏智科信息技术有限公司的地址887
888,华夏科技有限公司杭州研发中心,华夏科技有限公司杭州研发中心的地址888
889,华夏科技有限公司,华夏科技有限公司的地址889
890,华夏智科信息技术有限公司,华夏智科信息技术有限公司的地址890
891,华夏科技有限公司,华夏科技有限公司的地址891
892,华夏科技有限公司,华夏科技有限公司的地址892
893,华夏科技有限公司郑州研究院,华夏科技有限公司郑州研究院的地址893
894,南京市华夏科技有限公司,南京市华夏科技有限公司的地址894
895,华夏智科信息技术有限公司,华夏智科信息技术有限公司的地址895
896,华夏智科信息技术有限公司,华夏智科信息技术有限公司的地址896
897,南京市华夏科技有限公司,南京市华夏科技有限公司的地址897
898,华夏科技有限公司,华夏科技有限公司的地址898
899,华夏科技有限公司郑州研究院,华夏科技有限公司郑州研究院的地址899
900,华夏智科信息技术有限公司,华夏智科信息技术有限公司的地址900
901,华夏科技有限公司杭州研发中心,华夏科技有限公司杭州研发中心的地址901
902,华夏科技有限公司郑州研究院,华夏科技有限公司郑州研究院的地址902
903,华夏智科信息技术有限公司,华夏智科信息技术有限公司的地址903
904,华夏科技有限公司,华夏科技有限公司的地址904
905,华夏科技有限公司,华夏科技有限公司的地址905
906,华夏科技有限公司杭州研发中心,华夏科技有限公司杭州研发中心的地址906
907,华夏智科信息技术有限公司,华夏智科信息技术有限公司的地址907
908,华夏科技有限公司郑州研究院,华夏科技有限公司郑州研究院的地址908
909,华夏科技有限公司杭州研发中心,华夏科技有限公司杭州研发中心的地址909
910,华夏智科信息技术有限公司,华夏智科信息技术有限公司的地址910
911,华夏科技有限公司郑州研究院,华夏科技有限公司郑州研究院的地址911
912,华夏科技有限公司杭州研发中心,华夏科技有限公司杭州研发中心的地址912
913,华夏智科信息技术有限公司,华夏智科信息技术有限公司的地址913
914,华夏科技有限公司郑州研究院,华夏科技有限公司郑州研究院的地址914
915,华夏科技有限公司杭州研发中心,华夏科技有限公司杭州研发中心的地址915
916,华夏智科信息技术有限公司,华夏智科信息技术有限公司的地址916
917,华夏科技有限公司郑州研究院,华夏科技有限公司郑州研究院的地址917
918,华夏科技有限公司杭州研发中心,华夏科技有限公司杭州研发中心的地址918
919,华夏智科信息技术有限公司,华夏智科信息技术有限公司的地址919
920,华夏科技有限公司郑州研究院,华夏科技有限公司郑州研究院的地址920
921,华夏科技有限公司杭州研发中心,华夏科技有限公司杭州研发中心的地址921
922,华夏智科信息技术有限公司,华夏智科信息技术有限公司的地址922
923,华夏科技有限公司郑州研究院,华夏科技有限公司郑州研究院的地址923
924,华夏科技有限公司杭州研发中心,华夏科技有限公司杭州研发中心的地址924
925,华夏科技有限公司,华夏科技有限公司的地址925
926,华夏科技有限公司,华夏科技有限公司的地址926
927,华夏科技有限公司,华夏科技有限公司的地址927
928,华夏智科信息技术有限公司,华夏智科信息技术有限公司的地址928
929,华夏科技有限公司杭州研发中心,华夏科技有限公司杭州研发中心的地址929
930,华夏科技有限公司,华夏科技有限公司的地址930
931,华夏科技有限公司,华夏科技有限公司的地址931
932,华夏科技有限公司,华夏科技有限公司的地址932
933,华夏智科信息技术有限公司,华夏智科信息技术有限公司的地址933
934,华夏科技有限公司杭州研发中心,华夏科技有限公司杭州研发中心的地址934
935,华夏科技有限公司广州分公司,华夏科技有限公司广州分公司的地址935
936,华夏科技有限公司广州分公司,华夏科技有限公司广州分公司的地址936
937,华夏科技有限公司北京研发中心,华夏科技有限公司北京研发中心的地址937
938,华夏科技有限公司杭州研发中心,华夏科技有限公司杭州研发中心的地址938
939,华夏科技有限公司广州分公司,华夏科技有限公司广州分公司的地址939
940,华夏科技有限公司成都分公司,华夏科技有限公司成都分公司的地址940
941,华夏科技有限公司杭州研发中心,华夏科技有限公司杭州研发中心的地址941
942,华夏科技有限公司广州分公司,华夏科技有限公司广州分公司的地址942
943,华夏科技有限公司北京研发中心,华夏科技有限公司北京研发中心的地址943
944,华夏科技有限公司杭州研发中心,华夏科技有限公司杭州研发中心的地址944
945,华夏科技有限公司广州分公司,华夏科技有限公司广州分公司的地址945
946,华夏科技有限公司北京研发中心,华夏科技有限公司北京研发中心的地址946
947,华夏科技有限公司杭州研发中心,华夏科技有限公司杭州研发中心的地址947
948,华夏科技有限公司广州分公司,华夏科技有限公司广州分公司的地址948
949,华夏科技有限公司广州分公司,华夏科技有限公司广州分公司的地址949
950,华夏科技有限公司杭州研发中心,华夏科技有限公司杭州研发中心的地址950
951,华夏科技有限公司广州分公司,华夏科技有限公司广州分公司的地址951
952,华夏科技有限公司成都分公司,华夏科技有限公司成都分公司的地址952
953,华夏科技有限公司杭州研发中心,华夏科技有限公司杭州研发中心的地址953
954,华夏科技有限公司广州分公司,华夏科技有限公司广州分公司的地址954
955,华夏科技有限公司广州分公司,华夏科技有限公司广州分公司的地址955
956,华夏科技有限公司杭州研发中心,华夏科技有限公司杭州研发中心的地址956
957,华夏科技有限公司广州分公司,华夏科技有限公司广州分公司的地址957
958,华夏科技有限公司成都分公司,华夏科技有限公司成都分公司的地址958
959,华夏科技有限公司杭州研发中心,华夏科技有限公司杭州研发中心的地址959
960,华夏科技有限公司广州分公司,华夏科技有限公司广州分公司的地址960
961,华夏科技有限公司杭州研发中心,华夏科技有限公司杭州研发中心的地址961
962,华夏科技有限公司杭州研发中心,华夏科技有限公司杭州研发中心的地址962
963,华夏科技有限公司广州分公司,华夏科技有限公司广州分公司的地址963
964,华夏科技有限公司成都分公司,华夏科技有限公司成都分公司的地址964
965,华夏科技有限公司杭州研发中心,华夏科技有限公司杭州研发中心的地址965
966,华夏科技有限公司广州分公司,华夏科技有限公司广州分公司的地址966
967,华夏科技有限公司成都分公司,华夏科技有限公司成都分公司的地址967
968,华夏科技有限公司杭州研发中心,华夏科技有限公司杭州研发中心的地址968
969,华夏科技有限公司广州分公司,华夏科技有限公司广州分公司的地址969
970,华夏科技有限公司成都分公司,华夏科技有限公司成都分公司的地址970
971,华夏科技有限公司杭州研发中心,华夏科技有限公司杭州研发中心的地址971
972,华夏科技有限公司广州分公司,华夏科技有限公司广州分公司的地址972
973,华夏科技有限公司成都分公司,华夏科技有限公司成都分公司的地址973
974,华夏科技有限公司杭州研发中心,华夏科技有限公司杭州研发中心的地址974
975,华夏科技有限公司广州分公司,华夏科技有限公司广州分公司的地址975
976,华夏科技有限公司广州分公司,华夏科技有限公司广州分公司的地址976
977,华夏科技有限公司杭州研发中心,华夏科技有限公司杭州研发中心的地址977
978,华夏科技有限公司郑州研究院,华夏科技有限公司郑州研究院的地址978
979,华夏科技有限公司广州分公司,华夏科技有限公司广州分公司的地址979
980,华夏科技有限公司杭州研发中心,华夏科技有限公司杭州研发中心的地址980
981,华夏科技有限公司郑州研究院,华夏科技有限公司郑州研究院的地址981
982,华夏科技有限公司广州分公司,华夏科技有限公司广州分公司的地址982
983,华夏科技有限公司杭州研发中心,华夏科技有限公司杭州研发中心的地址983
984,华夏科技有限公司郑州研究院,华夏科技有限公司郑州研究院的地址984
985,华夏科技有限公司广州分公司,华夏科技有限公司广州分公司的地址985
986,华夏科技有限公司杭州研发中心,华夏科技有限公司杭州研发中心的地址986
987,华夏科技有限公司郑州研究院,华夏科技有限公司郑州研究院的地址987
988,华夏科技有限公司广州分公司,华夏科技有限公司广州分公司的地址988
989,华夏科技有限公司杭州研发中心,华夏科技有限公司杭州研发中心的地址989
990,华夏科技有限公司郑州研究院,华夏科技有限公司郑州研究院的地址990
991,华夏科技有限公司广州分公司,华夏科技有限公司广州分公司的地址991
992,华夏科技有限公司杭州研发中心,华夏科技有限公司杭州研发中心的地址992
993,华夏科技有限公司广州分公司,华夏科技有限公司广州分公司的地址993
994,华夏科技有限公司广州分公司,华夏科技有限公司广州分公司的地址994
995,华夏科技有限公司郑州研究院,华夏科技有限公司郑州研究院的地址995
996,华夏科技有限公司杭州研发中心,华夏科技有限公司杭州研发中心的地址996
997,华夏科技有限公司广州分公司,华夏科技有限公司广州分公司的地址997
998,华夏科技有限公司郑州研究院,华夏科技有限公司郑州研究院的地址998
999,华夏科技有限公司杭州研发中心,华夏科技有限公司杭州研发中心的地址999
1000,华夏科技有限公司广州分公司,华夏科技有限公司广州分公司的地址1000
